link,date,headline,description,category
https://www.rbc.ru/rbcfreenews/6621618e9a7947d7bf92d397,"18 апр 2024, 21:36",,"Жителям 18 населенных пунктов Белозерского округа Курганской области необходимо превентивно эвакуироваться из-за риска подтопления,сообщилапресс-служба правительства региона в телеграм-канале.",
https://www.rbc.ru/finances/18/04/2024/66217d149a79471c62b62f5d,"18 апр 2024, 23:43",,"ВТБ и JPMorgan Сhase обменялись исками. Российский банк через петербургский суд требует вернуть заблокированные активы, американский банк напоминает, что более 15 лет назад они договорились решать все споры в суде Нью-Йорка",
https://www.rbc.ru/politics/18/04/2024/66213ed09a794776b2934b6c,"18 апр 2024, 19:11",,"СБУ считает, что задержанный предложил помощь в подготовке покушения на Зеленского, когда тот приедет в Польшу. Он собирался передать данные о мерах безопасности в польском аэропорту Жешув-Ясёнка",
https://www.rbc.ru/rbcfreenews/6621335f9a794775b945bbed,"18 апр 2024, 18:19",,"Президент России Владимир Путин поддержал выдвижение главы Крыма Сергея Аксенова на новый срок. Они поговорили по видеосвязи,сообщилапресс-служба Кремля.",
https://www.rbc.ru/sport/18/04/2024/662145899a794785dd0d1812,"18 апр 2024, 19:18",,"Все три шайбы в Магнитогорске были заброшены в последние восемь минут встречи, которая завершилась победой хозяев со счетом 2:1. Решающий гол на счету Александра Петунина",
https://www.rbc.ru/rbcfreenews/662143e09a794709649eb3fd,"18 апр 2024, 19:26",,"Все диверсионные группы, выявленные в Крыму с 2014 года, были задержаны. Об этомзаявилглава республики Сергей Аксенов во время общения с президентом России Владимиром Путиным по видеосвязи.",
https://www.rbc.ru/politics/18/04/2024/66214e2f9a794780d7602a06,"18 апр 2024, 20:17",,"«Я всем говорю, что я румын и говорю по-румынски», — сказал премьер Дорин Речан. Перепись населения в Молдавии проходит с 8 апреля по 7 июля, в анкете гражданам необходимо указать свою этническую принадлежность",
https://www.rbc.ru/politics/18/04/2024/6621574b9a794794501f72fd,"18 апр 2024, 21:07",,"У них нашли переписку с лидерами группировок, воюющих на Украине, а также оружие и экстремистскую атрибутику",
https://www.rbc.ru/politics/18/04/2024/662156b39a79479815ce2975,"18 апр 2024, 21:14",,"Союзники по НАТО могут предоставить Украине средства и расширить ее поддержку, но проблему нехватки военных Киев должен решить самостоятельно, заявил Столтенберг. Он напомнил об ужесточении правил мобилизации в стране",
https://www.rbc.ru/politics/18/04/2024/662147999a79471f2a86d160,"18 апр 2024, 22:25",,"Некоторые чиновники, имеющие доступ к гостайне, не могут выехать в Белоруссию, Узбекистан и другие дружественные страны, не получив специальное разрешение, пишет Reuters",
https://www.rbc.ru/?video_id=66214a769a79471f2a86d169,,,,
https://www.rbc.ru/rbcfreenews/66212e749a7947f38e5dfb9b,"18 апр 2024, 18:17",,"Китай использует гражданские космические полеты и исследования для маскировки военных программ, заявил глава NASA Билл Нельсон на заседании комитета по ассигнованиям палаты представителей конгресса США. Трансляцию заседания вYouTubeвела пресс-служба комитета.",
https://www.rbc.ru/society/18/04/2024/66213fdf9a7947151b221999,"18 апр 2024, 20:00",,"TMZ сообщил, что Канье Уэст подозревается в нападении на мужчину. Делом занимается Департамент полиции Лос-Анджелеса. По версии представителя рэпера, так Канье Уэст ответил на избиение его жены",
https://www.rbc.ru/rbcfreenews/662149c99a7947aef39a3504,"18 апр 2024, 19:46",,"На западе Кении разбился военный вертолет, на борту которого находился командующий Силами обороны страны Фрэнсис Оголла. Об этомсообщаетNation.",
https://www.rbc.ru/rbcfreenews/66214f649a79470605c482ad,"18 апр 2024, 20:12",,"Заявка Аргентины на сотрудничество с НАТО в качестве глобального партнера вызывает сожаление, но Россия не будет «перетряхивать» из-за этого отношения с республикой. Об этом заявилТАССзаместитель главы российского МИДа Сергей Рябков.",
https://www.rbc.ru/rbcfreenews/66213c409a79479b8481bb20,"18 апр 2024, 18:56",,"Посольство Германии в России не может подтвердить слова официального представителя МИД России Марии Захаровой о том, что власти ФРГ выступили против участия представителей России в мероприятиях по случаю 79-годовщины освобождения узников концентрационных лагерей. Об этом заявили РБК в диппредставительстве.",
https://www.rbc.ru/sport/18/04/2024/662167569a794780ece2ef08,"18 апр 2024, 21:58",,"В письме спортсменов, в том числе Инала Тасоева, обвинили в поддержке военной операции на Украине. Ранее украинцы требовали отстранить от Игр ряд российских борцов",
https://www.rbc.ru/sport/18/04/2024/662159a09a79478a76f3f5ad,"18 апр 2024, 21:24",,"Яромир Ягр помог своей команде «Кладно» в стыковых матчах с «Всетином», выйдя на лед и забив уже на второй минуте. Чех отличился в возрасте 52 лет и 63 дней",
https://www.rbc.ru/politics/18/04/2024/66216b049a7947cce60aa68d,"18 апр 2024, 21:53",,"Глава Дагестана призвал не давать «почву для провокаций общему врагу» и выразил уверенность, что инциденту с задержанием чеченского министра дадут объективную оценку. Кадыров ранее призвал «гнать из структур» задержавших главу МЧС",
https://www.rbc.ru/sport/18/04/2024/66213bba9a79474b33de559f,"18 апр 2024, 19:03",,"Юлия Ефимова заявила, что российские пловцы уже давно выступают без национального флага, но почему-то только сейчас стали «бомжами». Пловчиха считает, что в любом случае ехать на Олимпиаду надо, потому что она объединяет людей",
https://www.rbc.ru/politics/18/04/2024/66215dfd9a79474121818334,"18 апр 2024, 22:27",,"В учебном воздушном бою впервые сошлись два истребителя, одним из которых управлял человек, вторым — система ИИ. Результат схватки военные США не сообщают. В Пентагоне указали: это важная веха в истории боевой авиации",
https://www.rbc.ru/politics/18/04/2024/66206cfb9a7947749379abc9,"18 апр 2024, 21:27",,"17 апреля спикер палаты представителей США Майк Джонсон представил на суд коллег долгожданные билли о помощи Украине, Израилю и Тайваню. Почему часть республиканцев пришла в ярость и пригрозила ему отставкой — в материале РБК",
https://www.rbc.ru/politics/18/04/2024/662158569a79477fb40a4449,"18 апр 2024, 20:29",,"По свидетельствам очевидцев, столб пламени в результате ЧП достиг высоты 70 м",
https://www.rbc.ru/sport/18/04/2024/6621878d9a7947d26b96c3c2,"18 апр 2024, 23:54",,"Алексей Миранчук вышел в стартовом составе и отыграл почти 80 минут. В первом тайме он отдал передачу на Тёна Копмейнерса, который забил гол. Однако мяч был отменен из-за офсайда",
https://www.rbc.ru/rbcfreenews/662170dc9a794747d6852189,"18 апр 2024, 22:57",,"Четырехлетней девочке из США Луне Феннер, которой в 2019 году в Краснодаре удалили большое родимое пятно на лице («маску Бэтмена»), сделают несколько пластических операций по коррекции рубцов в Центре лечения гигантских невусов МЕДСИ в Санкт-Петербурге. Об этом РБК сообщила руководитель и ведущий хирург центра доктор медицинских наук Ольга Филиппова.",
https://www.rbc.ru/?video_id=6621516f9a7947adb661e298,,,,
https://www.rbc.ru/?video_id=66215bd39a7947a999abda35,,,,
https://www.rbc.ru/?video_id=6621516b9a7947fb83b5fda6,,,,
https://www.rbc.ru/economics/18/04/2024/662161659a79474d915490d4,"18 апр 2024, 22:09",,"Из-за утечки капитала в США компаниям в ЕС не хватает денег для развития, заявила Урсула фон дер Ляйен. По словам Шарля Мишеля, в ЕС €33 трлн частных сбережений и нужно «найти способы направить их в компании»",
https://www.rbc.ru/rbcfreenews/66217f739a79479db3ade5b1,"18 апр 2024, 23:41",,"Военная техника, которая примет участие в параде Победы 9 мая, направилась в Москву,сообщаетдепартамент информации и массовых коммуникаций Минобороны.",
https://www.rbc.ru/rbcfreenews/662157519a7947985c2ba27d,"18 апр 2024, 20:57",,"После нападения на журналистов «Известий» во время съемок в Москве возбуждено уголовное дело,сообщилапресс-служба столичного управления Следственного комитета.",
https://www.rbc.ru/rbcfreenews/662147309a7947fdc97810ca,"18 апр 2024, 19:35",,Президент России Владимир Путин в ходе встречи по видеосвязи с губернатором Мурманской области Андреем Чибисом поинтересовался состоянием его здоровья после нападения.,
https://www.rbc.ru/politics/18/04/2024/662131bc9a794796305ef991,"18 апр 2024, 18:42",,"Bloomberg пишет, что российско-индийская торговля нефтью стала напоминать игру «ударь крота»: США расширяют антироссийские санкции, но одновременно с этим появляются новые компании, которые поставляют нефть Индии",
https://www.rbc.ru/politics/18/04/2024/662167289a79471c1bd8d491,"18 апр 2024, 22:11",,"Зампред правительства Пермского края и бывший мэр Перми Дёмкин отметил, что «осознает всю ответственность» за высказывание сына. Илья Дёмкин ранее опубликовал видео с Бали, на котором задался вопросом «На хрена мне Пермь?»",
https://www.rbc.ru/sport/18/04/2024/6621520b9a79473193810411,"18 апр 2024, 20:28",,"Артемий Панарин считает, что ему надо забыть об успешном регулярном чемпионате и настроиться на плей-офф, где от его команды ждут только чемпионства. В первом раунде «Рейнджерс» сыграют с «Вашингтоном»",
https://www.rbc.ru/rbcfreenews/66213a3a9a79471a3b1aff32,"18 апр 2024, 19:05",,"Экспорт швейцарских часов пережил самое большое снижение за четыре года в связи с падением спроса на ключевых рынках, в том числе в Китае,сообщаетBloomberg.",
https://www.rbc.ru/sport/18/04/2024/662177fd9a79470fe10ff4d4,"18 апр 2024, 23:33",,В полуфинале британский клуб сыграет с победителем пары «Олимпиакос» — «Фенербахче»,
https://www.rbc.ru/politics/18/04/2024/662173fd9a79472cde89a671,"18 апр 2024, 23:12",,"В Совбезе продолжаются дискуссии о желании Палестины получить полноправное членство в ООН. США предлагают обсудить этот вопрос с Израилем, Палестина напоминает, что тот сам стал членом ООН через голосование, а не переговоры",
https://www.rbc.ru/rbcfreenews/662177489a79477d80b401c0,"18 апр 2024, 23:09",,"Мужчину, которого подозревают в убийстве жителя Москвы из-за конфликта на парковке, объявили в федеральный розыск, сообщил источникТАССв правоохранительных органах.",
https://www.rbc.ru/politics/18/04/2024/662152309a79479aaedf4ac5,"18 апр 2024, 20:56",,"Минторг США расширил экспортный контроль, ограничив поставки подпавших под санкции товаров в Россию, Иран и Белоруссию. Вашингтон ввел и ограничения против лиц, связанных с производством иранских БПЛА. Москва осуждает санкции",
https://www.rbc.ru/rbcfreenews/662127f99a7947f08225ebc1,"18 апр 2024, 17:36",,Мировой судья участка № 340 московского районаВосточное Дегуниновзыскал с актера Семена Трескунова (признан иноагентом) задолженность по коммунальным услугам в размере более 10 тыс. руб. Об этом сообщает пресс-служба столичных судов общей юрисдикции втелеграм-канале.,
https://www.rbc.ru/rbcfreenews/662122c59a7947a8f84dfb19,"18 апр 2024, 17:34",,"Корпорация Google уволила 28 сотрудников, которые устроили протест против контракта корпорации с правительством Израиля. Об этомсообщаетThe Wall Street Journal со ссылкой на распространенное внутри компании электронное письмо вице-президента Google по глобальной безопасности Криса Рэкоу.",
https://www.rbc.ru/rbcfreenews/662113719a79476cf8737a94,"18 апр 2024, 16:40",,"Ученик лицея в Санкт-Петербурге получил травму грудного отдела позвоночника, когда натолкнулся на руку учителя информатики Алексея Григорика. Ему сделали выговор, а уголовное дело в отношении него скоро будет передано в суд, рассказал РБК начальник отдела образования администрации Калининского района Андрей Протасов.",
https://www.rbc.ru/rbcfreenews/66212a4f9a7947d453a55a04,"18 апр 2024, 17:40",,⁠Австралийская компания Tigers Realm Coal (TIG) договорилась с «АПМ-инвест» предпринимателя Марка Бузука о продаже своих угольных активов на Чукотке. Об этом говорится взаявленииTIG.,
https://www.rbc.ru/rbcfreenews/662113c59a7947504434d794,"18 апр 2024, 16:40",,"Киевская полиция к началу апреля получила от территориального центра комплектования (ТЦК, аналог военкомата) более 5 тыс. запросов по розыску уклонистов от мобилизации. Об этом сообщает телеканал Ukraine World News со ссылкой на пресс-службу столичного управления нацполиции Украины.",
https://www.rbc.ru/politics/18/04/2024/66212cb49a79470eca5a546d,"18 апр 2024, 18:06",,"Под санкции Вашингтона и Лондона попали иранские физлица и организации, связанные с КСИР, Минобороны страны и разработкой беспилотников",
https://www.rbc.ru/politics/18/04/2024/662122819a794734a8f7a0eb,"18 апр 2024, 17:24",,"Сейчас Аргентина имеет статус основного союзника США вне НАТО, который позволяет стране участвовать в некоторых совместных оборонных инициативах и мероприятиях против терроризма. Буэнос-Айрес хочет укрепить связи с альянсом",
https://www.rbc.ru/sport/18/04/2024/66211f659a7947bd7603c134,"18 апр 2024, 16:54",,"«Барселона» заплатит €25 тыс. за расистское поведение болельщиков, €5 тыс. за сломанные сиденья на стадионе ПСЖ и еще €2 тыс. за пиротехнику. По итогам двух матчей каталонцы не смогли выйти в полуфинал Лиги чемпионов",
https://www.rbc.ru/?video_id=662126999a79473bbd196654,,,,
https://www.rbc.ru/politics/18/04/2024/6621251c9a7947d895727a63,"18 апр 2024, 16:51",,"Суд арестовал мужчину, который подорвал автомобиль Василия Прозорова. Последний, по его заявлениям, в 1999–2018 годах работал в СБУ, а с 2014 года сотрудничал с российскими спецслужбами",
https://www.rbc.ru/sport/18/04/2024/662134989a79470f5b050499,"18 апр 2024, 18:06",,"Анастасия Павлюченкова получила на турнире первый номер посева, но смогла одержать только одну победу. В Руане из представительниц России осталась только Мирра Андреева",
https://www.rbc.ru/rbcfreenews/662120f99a79473d6430825f,"18 апр 2024, 17:16",,"Молодой человек убит в Москве из-за замечания о неправильно припаркованном автомобиле. Подозреваемый скрылся. Следователи установили его личность, задержали его близких, проверяется законность их нахождения в России",
https://www.rbc.ru/rbcfreenews/662124ac9a7947eae81fb3de,"18 апр 2024, 17:05",,,
https://www.rbc.ru/rbcfreenews/662121b59a79479bcf3555a7,"18 апр 2024, 16:58",,Умер режиссер Российского академического молодежного театра (РАМТ) Александр Пономарев. Об этом сообщила пресс-служба театра втелеграм-канале.,
https://www.rbc.ru/rbcfreenews/66211f789a7947bd7603c136,"18 апр 2024, 16:47",,,
https://www.rbc.ru/?video_id=662138459a79474b91a2b81a,,,,
https://www.rbc.ru/sport/18/04/2024/66212bff9a79476bdda2808d,,,,
https://www.rbc.ru/rbcfreenews/66211ac59a7947fdd250ace4,,,,
https://www.rbc.ru/politics/18/04/2024/662133b59a7947c64660b692,,,,
https://www.rbc.ru/society/18/04/2024/662119d29a79471b1266c8a7,,,,
https://www.rbc.ru/rbcfreenews/6620f65e9a794713eed50937,,,,
https://www.rbc.ru/rbcfreenews/6620fdd39a794762213ffbdf,,,,
https://www.rbc.ru/rbcfreenews/6621046b9a79476acd6f1129,"18 апр 2024, 14:58",,Хамовнический суд Москвы избрал заочный арест трем командирам вооруженных сил Украины (ВСУ) по уголовному делу об убийствах.,
https://www.rbc.ru/?video_id=6621166b9a7947161ff01ca4,,,,
https://www.rbc.ru/rbcfreenews/66210bc89a79478d51092c25,"18 апр 2024, 15:53",,"Россия не будет раскрывать, какие меры применит при попытке конфискации ее активов на Западе, но в Москве в таком случае «церемониться никто не собирается». Об этом на брифингезаявилаофициальный представитель российского Министерства иностранных дел (МИД) Мария Захарова.",
https://www.rbc.ru/rbcfreenews/6621097a9a7947d17820ee8d,"18 апр 2024, 15:13",,"Председатель комитета Госдумы по молодежной политике Артем Метелев отправил на отзыв в правительство законопроект, в котором предлагается дать университетам возможность прекращать договор проживания со студентом, если он не появлялся в общежитии в течение шести месяцев. Об этом депутатсообщилв своем телеграм-канале.",
https://www.rbc.ru/rbcfreenews/6620f5749a79476e69a50a29,"18 апр 2024, 14:43",,,
https://www.rbc.ru/rbcfreenews/66210cbc9a7947188b22d6ab,"18 апр 2024, 15:16",,"В Курской области под обстрел ВСУ попали поселок Тёткино и село Попово-Лежачи,сообщилглава региона Роман Старовойт в телеграм-канале.",
https://www.rbc.ru/rbcfreenews/662104e09a7947062b282192,"18 апр 2024, 14:55",,Российские военные в зоне военной операции на Украине уничтожили пункт управления оперативного командования украинских войск «Север». Об этомсообщилоМинобороны России.,
https://www.rbc.ru/sport/18/04/2024/66210a609a7947a60e6a5c03,"18 апр 2024, 15:34",,"«Торпедо» проиграло в первом раунде плей-офф СКА. В команде, по словам Ларионова, оценили сезон на тройку, но в ней теперь остались только те, у кого «внутри горит огонь»",
https://www.rbc.ru/rbcfreenews/6621106b9a794755b4d91aa7,"18 апр 2024, 16:03",,"Cтатические испытания импортозамещенной версии самолета Superjet 100 завершатся в первой половине 2025 года,сообщиликорреспонденту «РБК Новосибирск» в Сибирском научно-исследовательском институте авиации имени С.А. Чаплыгина (CибНИА).",
https://www.rbc.ru/business/18/04/2024/6620fe1f9a7947b74a2d5761,"18 апр 2024, 15:02",,"Воробьев сообщил, что запуск завода китайских автомобилей на бывшей площадке Merсedes в Подмосковье состоится в мае текущего года. «Автодом» закрыл сделку по покупке предприятия еще в апреле 2023 года",
https://www.rbc.ru/politics/18/04/2024/66210e2d9a7947c5fd7d4c5f,"18 апр 2024, 15:59",,"Командующий КСИР заявил, что Иран определил, где находятся ядерные объекты Израиля, и готов нанести по ним ракетный удар в случае ответа Тель-Авива на ночную атаку",
https://www.rbc.ru/sport/18/04/2024/6620fdaa9a7947ecd2c303cf,"18 апр 2024, 16:20",,"Россиянка уступила чемпионке Уимблдона в трех сетах, причем во второй партии отдала сопернице только один гейм. Елена Рыбакина вышла в четвертьфинал",
https://www.rbc.ru/society/18/04/2024/66211dd89a7947547de7cf5c,"18 апр 2024, 16:27",,,
https://www.rbc.ru/rbcfreenews/6621024f9a79472fcfe51fd5,"18 апр 2024, 14:58",,"Мосгорсуд отменил штраф блогеру Михаилу Светову (признан иноагентом) «в связи с недосказанностью обстоятельств» и прекратил дело,сообщаетпресс-служба городских судов общей юрисдикции.",
https://www.rbc.ru/society/18/04/2024/66210bde9a7947ad43f2a458,"18 апр 2024, 16:11",,"В Рязани, Курской и Брянской областях не будет проведен парад в честь Дня Победы. Ранее губернатор Псковской области заявил об отмене мероприятия из соображений безопасности",
https://www.rbc.ru/sport/18/04/2024/662102d59a7947d091a248ce,"18 апр 2024, 14:44",,"Рашид Рахимов получил удаление в перерыве матча с «Крыльями Советов» за нецензурное оскорбление тренера соперников. В КДК отметили, что он «не рецидивист» и отстранен только на матч с «Локомотивом»",
https://www.rbc.ru/finances/18/04/2024/6620f4a49a794762d60b9d53,"18 апр 2024, 14:37",,"Андрей Бочкарев, покинувший пост вице-мэра Москвы, планирует перейти на работу в «Сбер», рассказали источники РБК. В крупнейшем банке страны он может курировать строительные проекты",
https://www.rbc.ru/rbcfreenews/66210c2d9a79470fd0d53c42,"18 апр 2024, 15:55",,,
https://www.rbc.ru/rbcfreenews/6620f4779a794762d60b9d51,"18 апр 2024, 14:32",,"Французское издание Challenges сообщило об аресте во Франции дома российского бизнесмена Артура Очеретного. Песков отказался комментировать публикацию, но подчеркнул, что изъятие частной собственности «априори незаконно»",
https://www.rbc.ru/rbcfreenews/6620f3529a7947f532f02d70,"18 апр 2024, 13:41",,"Посольство России в Германии не получало информацию о задержании российских граждан в ФРГ, сообщили РБК в пресс-службе диппредставительства.",
https://www.rbc.ru/rbcfreenews/6620fafc9a79471a06059169,"18 апр 2024, 14:15",,"В российском МИДе не стали ни опровергать, ни подтверждать публикациюReutersо срыве переговоров России, Украины и Турции по безопасности судоходства в Черном море.",
https://www.rbc.ru/technology_and_media/18/04/2024/6620f3ea9a794763d0bc9867,"18 апр 2024, 14:31",,"Кадр с палестинкой, которая держит на руках тело погибшей при израильском обстреле в Хан-Юнисе пятилетней племянницы, сделал фотограф Reuters Мохаммед Салем. Он сам палестинец и второй раз стал лауреатом World Press Photo",
https://www.rbc.ru/rbcfreenews/6620eb3b9a7947b8881dc712,"18 апр 2024, 13:00",,,
https://www.rbc.ru/rbcfreenews/6620f6b19a7947dd57b1491a,"18 апр 2024, 14:02",,"В Москве и области в четверг и пятницу, 18–19 апреля, будет действовать «желтый» уровень погодной опасности из-за ветра, сильного дождя и грозы. Этоследуетиз прогностической карты Гидрометцентра.",
https://www.rbc.ru/politics/18/04/2024/6620f5279a7947a84457bd88,"18 апр 2024, 14:32",,"Германия уведомила Россию о нежелательности участия Москвы в мероприятиях по случаю 79-годовщины освобождения узников концентрационных лагерей, сообщила Мария Захарова. МИД расценил шаг немецкой стороны как «провокационный выпад»",
https://www.rbc.ru/technology_and_media/18/04/2024/6620f8779a7947c8c42ba336,"18 апр 2024, 14:04",,"Издатель «Вокруг света» и StarHit купил 30% в онлайн-сервисе психологических услуг «Поговорим.online». Shkulev Media планирует инвестировать более 100 млн руб. в проект на растущем рынке, который оценивается в 40 млрд руб. в год",
https://www.rbc.ru/sport/18/04/2024/6620ee009a7947d67c7dfb00,"18 апр 2024, 13:07",,"По данным газеты, россиянин травмировал голеностоп на тренировке и выбыл на пять недель. «Монако» до конца сезона осталось сыграть шесть матчей",
https://www.rbc.ru/sport/18/04/2024/6620e89b9a7947258934b191,"18 апр 2024, 12:56",,"Гильермо Абаскаля уволили 14 апреля. Никита Чернов считает, что испанец достаточно хорошо справлялся на своем посту, а Даниил Денисов рассказал, что в клубе игрокам посоветовали принять эту отставку и двигаться дальше",
https://www.rbc.ru/business/18/04/2024/6620e6469a7947c4e73340af,"18 апр 2024, 13:33",,"Владеющий онлайн-казино Cosmolot бизнесмен Дамерау заявил, что чиновники просят перевести половину его компании в офшор в обмен на прекращение следствия против нее. Ранее он называл Украину «лучшим регионом» для инвестиций",
https://www.rbc.ru/politics/18/04/2024/6620fe9e9a7947d6289b0afd,"18 апр 2024, 14:10",,"В Баварии днем ранее задержали двоих мужчин с гражданством России и Германии, которых подозревают в подготовке диверсий в ФРГ и сотрудничестве с российскими спецслужбами",
https://www.rbc.ru/rbcfreenews/6620eed59a79474321da5e56,"18 апр 2024, 14:09",,"Полиция арестовала шестерых подозреваемых в краже контейнера с золотом общей стоимостью $14,5 млн из аэропорта Торонто в Канаде весной 2023 года. Трансляцию по итогам задержания вела пресс-служба полиции канадского муниципалитета Пил на сервисеYouTube.",
https://www.rbc.ru/finances/18/04/2024/662103599a79478d578e7f10,"18 апр 2024, 14:26",,"Raiffeisen Bank International заявила, что требования ЕЦБ «выходят за рамки планов по сокращению бизнеса в России» и могут отрицательно повлиять на возможности по его продаже",
https://www.rbc.ru/rbcfreenews/6620e7599a794764a2485016,"18 апр 2024, 12:58",,Почти 500 нефтедобывающих скважин в Казахстане остаются закрытыми из-запаводковой ситуации. Об этом сообщает казахстанское изданиеOrdaсо ссылкой на Министерство энергетики страны.,
https://www.rbc.ru/rbcfreenews/6620e2a79a794711ce314f9e,"18 апр 2024, 13:35",,"Власти Буркина-Фасо решили выслать из страны трех французских дипломатов, обвиняя их в «подрывной деятельности»,сообщаеттелеканал France 24 со ссылкой на заявление МИДа европейского государства.",
https://www.rbc.ru/rbcfreenews/6620ed299a7947d67c7dfafc,"18 апр 2024, 13:26",,"Россия ждет от Армении четкой реакции на информацию в СМИ о «военно-политических договоренностях» страны с США и Евросоюзом,заявилаофициальный представитель российского МИДа Мария Захарова на брифинге.",
https://www.rbc.ru/rbcfreenews/6620d7a69a7947d38b504084,"18 апр 2024, 12:58",,"Жители Белоярского городского округа Свердловской области обратились в полицию после обнаружения в питомнике «Рива Паласио» более трех десятков мертвых собак, говорится всообщениина странице сообщества Huskyekb во «ВКонтакте». Владелец питомника утверждает, что животные отравились.",
https://www.rbc.ru/sport/18/04/2024/6620f75e9a79477748fae78a,"18 апр 2024, 14:11",,"Мария Эрранс Гомес выступала в прыжках на батуте. В городском совете Кабанильяс-дель-Кампо сообщили, что она скончалась от менингита всего за сутки. В городе объявили двухдневный траур",
https://www.rbc.ru/rbcfreenews/6620f1709a7947717386cb9d,"18 апр 2024, 13:33",,"Росздравнадзор начал проверку качества медицинской помощи, оказанной частным нейрохирургом в Москве. Об этом ведомствосообщилов своем телеграм-канале.",
https://www.rbc.ru/economics/18/04/2024/6620d1b29a7947b11ed5e11d,"18 апр 2024, 11:46",,"Греция оказалась в центре европейского долгового кризиса в 2010 году, она пережила годы жесткий экономии. Полное восстановление экономики ожидается уже в этому году, но проблемы остаются, пишет Reuters",
https://www.rbc.ru/?video_id=6620dd6b9a7947802e917502,,,,
https://www.rbc.ru/politics/18/04/2024/6620e2859a79471344d56478,"18 апр 2024, 12:54",,"Представитель МИДа заявила, что инициатива о перемирии во время Олимпиады должна пройти проверку на искренность, — Франция должна перестать поставлять вооружения Украине. В Кремле заявили, что ВСУ могут воспользоваться перемирием",
https://www.rbc.ru/?video_id=6620e7f89a79470ae66af2eb,,,,
https://www.rbc.ru/politics/18/04/2024/6620d92e9a7947ff1d56f175,"18 апр 2024, 12:15",,Оператор «Северных потоков» подал иск к страховым на €400 млн из-за отказа покрыть убытки после взрывов газопроводов. Lloyd’s of London и Arch Insurance объяснили отказ в выплатах связью инцидента с боевыми действиями на Украине,
https://www.rbc.ru/rbcfreenews/6620d86f9a794703e2215175,"18 апр 2024, 12:12",,Азово-Черноморская межрайонная природоохранная прокуратура организовала проверку в связи с обнаружением погибших дельфинов на берегу Черного моря в Анапе. Об этомсообщилапрокуратура Краснодарского края.,
https://www.rbc.ru/rbcfreenews/6620dc279a79474b2ed4115b,"18 апр 2024, 12:10",,В Баварии арестовали двоих подозреваемых в подготовке диверсий по заданию российских спецслужб. Об этомсообщилапресс-служба Генпрокуратуры ФРГ. Они имеют гражданство Германии и России. Ранее о задержании со ссылкой на данные прокуратуры сообщало издание Der Spiegel.,
https://www.rbc.ru/rbcfreenews/6620e4d49a79476490f6eba3,"18 апр 2024, 12:46",,"Сотрудники МВД и ФСБ провели мероприятия для противодействия киберпреступлениям, в ходе которых изъяли из теневого оборота 277 тыс. SIM-карт. Об этомсообщилаофициальный представитель МВД Ирина Волк.",
https://www.rbc.ru/rbcfreenews/6620e93b9a79475184192642,"18 апр 2024, 12:50",,"Спасатели пятый день ищут мужчину, который уплыл на лодке в затопленное садовое товарищество, чтобы покормить животных,сообщаетпоисково-спасательный отряд «ОренСпас».",
https://www.rbc.ru/sport/18/04/2024/6620e5779a7947d4906ea768,"18 апр 2024, 12:34",,"Ян Непомнящий одержал третью победу на турнире, обыграв черными фигурами индийца Видита Сантоша Гуджрати, и лидирует с семью очками",
https://www.rbc.ru/politics/18/04/2024/6620ed269a79470df42fd038,"18 апр 2024, 12:53",,"Куранова задержали в 2021 году, он тогда возглавлял Научно-исследовательское предприятие гиперзвуковых систем. По данным ТАСС, 76-летнего ученого заподозрили в передаче научных разработок иностранным спецслужбам",
https://www.rbc.ru/rbcfreenews/6620d9399a7947d0a7b5bf23,"18 апр 2024, 12:25",,"Спасатели уже третий день продолжают тушить пожар в историческом здании фондовой биржи в Копенгагене,сообщаетпожарная служба Дании Hovedstadens Beredskab. Периодически пожарные тушат небольшие очаги возгорания, которые возникают на месте пожара.",
https://www.rbc.ru/rbcfreenews/6620dada9a79470aa52e0fdb,"18 апр 2024, 12:05",,"Министр экономики Германии и вице-канцлер Роберт Хабек прибыл в Киев с небольшой делегацией представителей немецкого бизнеса, об этомсообщаетZEIT Online.",
https://www.rbc.ru/politics/18/04/2024/6620e91d9a794718c1cc3a79,"18 апр 2024, 12:42",,"ВСУ атаковали тренажерный центр ЗАЭС. В результате удара никто не пострадал, разрушений на объекте нет. В последний раз учебно-тренировочный центр подвергся атаке 9 апреля",
https://www.rbc.ru/rbcfreenews/6620e04c9a7947d98072f0a7,"18 апр 2024, 12:21",,,
https://www.rbc.ru/?video_id=6620dffd9a79478570063a8d,,,,
https://www.rbc.ru/rbcfreenews/6620e19c9a7947254a7b6e13,"18 апр 2024, 12:38",,Правительство расширило перечень жизненно необходимых и важнейших лекарственных препаратов (ЖНВЛП). Соответствующий документподписалпремьер-министр Михаил Мишустин.,
https://www.rbc.ru/rbcfreenews/6620cfae9a79477d35944730,"18 апр 2024, 11:41",,"Президент США Джо Байден предположил, что тело его дяди могли съесть каннибалы во времена Второй мировой войны. Об этом президент рассказал на мероприятии в Питтсбурге, трансляцию речи Байдена вYouTubeвел Белый дом.",
https://www.rbc.ru/rbcfreenews/6620d8969a794703e2215177,"18 апр 2024, 12:03",,Мосгорсуд оставил в силе постановление Симоновского районного суда о штрафе музыканту Андрею Макаревичу (признан иноагентом) в размере 35 тыс. руб. Об этом сообщает пресс-служба столичных судов общей юрисдикции втелеграм-канале.,
https://www.rbc.ru/business/18/04/2024/6620d6cd9a794705611719ec,"18 апр 2024, 11:39",,"Авиаперевозки по России в марте выросли лишь на 2,6% в годовом выражении, до более 5,9 млн пассажиров. Общий пассажиропоток увеличился на 6,8%. Замедление эксперты объясняют сокращением провозных емкостей и ростом цен",
https://www.rbc.ru/economics/18/04/2024/6620ae789a7947e6b55e387b,"18 апр 2024, 10:49",,"В этом году средний суточный объем экспорта нефти из Ирана превышает 1,5 млн барр., основной ее покупатель — Китай. Республика наращивает свой танкерный флот, в нем более 250 судов, санкции США не мешают этому",
https://www.rbc.ru/finances/18/04/2024/6620ce349a7947412638b767,"18 апр 2024, 11:31",,"Наибольший оборот наличных зафиксирован в торговле, следом идут операции по банковским счетам и за ними — по кредитным операциям",
https://www.rbc.ru/rbcfreenews/6620d3489a794726e2005f50,"18 апр 2024, 11:28",,"Москвичам следует пересесть на общественный транспорт в связи с непогодой — в городе ожидаются дождь и сильный ветер,сообщилдепартамент транспорта в телеграм-канале. По данным МЧС, днем 18 апреля порывы ветраусилятся до 12 м/с.",
https://www.rbc.ru/rbcfreenews/6620b8349a79477ae3ce2756,"18 апр 2024, 10:05",,"Маркетплейс Ozon передаст 12,5 млн руб. на поддержку работы пунктов выдачи заказов (ПВЗ) в Белгородской и Курской областях. Об этом сообщает пресс-служба компании.",
https://www.rbc.ru/rbcfreenews/6620d09f9a79479b29d30c74,"18 апр 2024, 11:35",,"Три взрыва раздались в городе Днепре (ранее — Днепропетровск) на востоке Украины, сообщило агентство «Укринформ» со ссылкой на своего корреспондента.",
https://www.rbc.ru/rbcfreenews/6620bd059a79472a256f7dda,"18 апр 2024, 09:52",,В Якутске проводят проверку после столкновения в аэропорту самолета Sukhoi SuperJet и автомобиля наземной службы. Об этом сообщает пресс-служба Восточно-Сибирской транспортной прокуратуры втелеграм-канале.,
https://www.rbc.ru/politics/18/04/2024/6620d05d9a79475626d7e94f,"18 апр 2024, 10:59",,"В марте спецслужба провела операцию в 40 регионах России по изъятию SIM-боксов — устройств, которые вмещают сотни «симок» и позволяют совершать одновременно десятки звонков. Изъяли свыше 600 таких боксов и 300 тыс. SIM-карт",
https://www.rbc.ru/rbcfreenews/6620cb5e9a7947074417e4e5,"18 апр 2024, 10:42",,"ФАС направила производителям яиц и сетям письма с напоминанием о запрете на необоснованное повышение цен на фоне предстоящей Пасхи, об этомсообщается на сайтеведомства.",
https://www.rbc.ru/politics/18/04/2024/6620c5fe9a79475936efe62b,"18 апр 2024, 10:28",,"Накануне Совет Федерации утвердил ее кандидатуру. Подносова стала вторым председателем Верховного суда России. С 1991 года до февраля 2024 года пост занимал Вячеслав Лебедев, умерший в феврале",
https://www.rbc.ru/rbcfreenews/6620c51d9a7947494a54aa4a,"18 апр 2024, 10:59",,"Жители тюменского села Пахомова пожаловались на требование сотрудников противопожарной службы разобрать построенную для защиты от паводка дамбу,сообщаетместное издание «Наш город».",
https://www.rbc.ru/sport/18/04/2024/6620b9a19a79471b56a3cce5,"18 апр 2024, 09:50",,"Помимо Никиты Кучерова, 100 и более передач за сезон выдавали лишь четверо хоккеистов за всю историю НХЛ — Уэйн Гретцки, Марио Лемье, Бобби Орр и Коннор Макдэвид, сделавший это в нынешнем сезоне",
https://www.rbc.ru/rbcfreenews/6620c0709a794702aa4f7f46,"18 апр 2024, 10:30",,"За первые три месяца 2024 года Франция приобрела у России сжиженного природного газа (СПГ) на сумму более €600 млн, это на 75% больше, чем в первом квартале 2023 года. Об этомсообщаетPolitico со ссылкой на данные Центра исследований в области энергетики и чистого воздуха (CREA).",
https://www.rbc.ru/rbcfreenews/6620ba859a794729d2dded4b,"18 апр 2024, 10:07",,"Интернет-провайдеры в Киргизии начали блокировать доступ к TikTok, сообщает портал 24.kg со ссылкой на местных жителей.",
https://www.rbc.ru/rbcfreenews/6620cd249a794710347bd88d,"18 апр 2024, 11:09",,"Нидерланды готовы выкупить зенитно-ракетные комплексы (ЗРК) Patriot у государств, которые не планируют поставлять военную помощь Украине. Об этом заявил премьер-министр страны Марк Рютте.",
https://www.rbc.ru/politics/18/04/2024/6620c0ff9a7947fb33100729,"18 апр 2024, 10:09",,"Двух русских немцев задержали в Баварии по подозрению в передаче данных российской стороне о военных объектах Германии и США и подготовке взрывов и поджогов. Один из них в 2014–2016 годах служил в ополчении ДНР, пишет Spiegel",
https://www.rbc.ru/sport/18/04/2024/6620d0859a7947696b8653f5,"18 апр 2024, 11:13",,"По словам Алексея Жамнова, Илья Ковальчук помог команде, когда вернулся в хоккей. «Каждый что-то от него почерпнул», — отметил тренер",
https://www.rbc.ru/rbcfreenews/6620d1109a79470087ca75cb,"18 апр 2024, 11:06",,"Мосгорсуд признал законным решение оштрафовать певицу Монеточку (настоящее имя — Елизавета Гырдымова, признана иноагентом) на 30 тыс. руб. за отсутствие маркировки иноагента. Об этомсообщаетпресс-служба столичных судов общей юрисдикции в телеграм-канале.",
https://www.rbc.ru/rbcfreenews/6620c2489a79472c3d69add4,"18 апр 2024, 10:21",,Семь человек стали жертвами паводка в Казахстане. Об этом сообщает казахстанский порталOrdaсо ссылкой на первого заместителя министра внутренних дел республики Марата Кожаева.,
https://www.rbc.ru/rbcfreenews/6620c8419a7947416d10e5fb,"18 апр 2024, 10:51",,В России участились случаи давления и угроз людям с помощью анонимных посылок. Об этом сообщает газета«Известия».,
https://www.rbc.ru/rbcfreenews/6620d1909a79479b29d30c7f,"18 апр 2024, 11:20",,"В Курганской области, уплывший дом в районе Вороновки проплыл под подвесным мостом.",
https://www.rbc.ru/politics/18/04/2024/6620a64c9a7947c9f45e191f,"18 апр 2024, 08:43",,"Среди возможных мер, которые Трамп примет для этого при возвращении в Белый дом, — снижение налога на заработную плату. Из этих средств финансируются социальные программы, например медицинские страховки Medicare",
https://www.rbc.ru/rbcfreenews/6620bab99a7947cbb5e3ad9d,"18 апр 2024, 09:38",,"Каждая страна, которая хочет стать суверенным государством, должна принять закон об иностранных агентах. Такое мнениевысказалспикер Госдумы Вячеслав Володин в своем телеграм-канале. Публикация появилась на фоне протестов в Грузии против законопроекта об иноагентах.",
https://www.rbc.ru/rbcfreenews/6620a9989a7947b14105faad,"18 апр 2024, 08:34",,"Федеральная служба безопасности (ФСБ) России к 81-летию создания органов военной контрразведки Смерш опубликовала ряд рассекреченных архивных документов, передает«РИА Новости».",
https://www.rbc.ru/society/18/04/2024/6620aef49a7947aabdc6de92,"18 апр 2024, 08:55",,"Электроснабжение водозабора было нарушено из-за подтопления линии электропередач, питающей его, идут восстановительные работы. Мэр заявил, что перебои с водой ощутили почти во всех районах Орска",
https://www.rbc.ru/politics/18/04/2024/6620bbe19a7947804a036b8e,"18 апр 2024, 09:41",,"В результате падения дрона в Воронеже повреждены девять домов, склад и пилорама, а также автомобиль. Пострадала одна женщина. В области этой ночью также уничтожили три воздушных шара ВСУ",
https://www.rbc.ru/economics/18/04/2024/661fb0ab9a79477de1080a16,"18 апр 2024, 09:00",,"«Революция зарплат» начинается в России «прямо на глазах», утверждает экономист ЦМАКП Дмитрий Белоусов. Высокие выплаты военнослужащим задают новые ориентиры для рынка и ускоряют исчерпание готовности граждан к дешевому труду",
https://www.rbc.ru/technology_and_media/18/04/2024/661fd34b9a79470ca4e1066a,"18 апр 2024, 08:30",,"«Литрес» и другие сервисы стали уведомлять пользователей о скором отказе от авторизации через Apple и Google ID. Разработчики уверены, что сложности при «импортозамещении входа» возникнут у самих сервисов, а не у пользователей",
https://www.rbc.ru/politics/18/04/2024/66208b219a7947d556eb2f40,"18 апр 2024, 07:13",,"Зеленский поблагодарил лидеров Евросоюза, но напомнил о невыполненном обещании насчет 1 млн снарядов. Он подчеркнул, что армия России уже превзошла ВСУ по оружейным возможностям. Москва критикует Запад за поставки оружия ВСУ",
https://www.rbc.ru/finances/18/04/2024/661ff60b9a7947b5fa573dd3,"18 апр 2024, 08:00",,"Глава розничного направления Росбанка Вячеслав Дусалеев покинет кредитную организацию, узнал РБК. Со своих постов уйдут еще несколько топ-менеджеров",
https://www.rbc.ru/rbcfreenews/6620abeb9a79471c846e9819,"18 апр 2024, 08:21",,"В результате падения обломков беспилотника в Каменске в Ростовской области пострадал сотрудник промышленного предприятия,сообщилгубернатор Василий Голубев в своем телеграм-канале.",
https://www.rbc.ru/rbcfreenews/6620b1039a79475786b53486,"18 апр 2024, 08:49",,"Уровень воды в реке Сакмаре в пригороде Оренбурга превысил опасный уровень на 3 см,сообщилаадминистрация Оренбургского района.",
https://www.rbc.ru/politics/18/04/2024/66209e549a79473531effa2b,"18 апр 2024, 07:18",,"В результате ночных атак в Белгородской и Воронежской областях пострадали три человека, повреждены несколько частных домов и пилорама. В Ростовской области последствий атак нет",
https://www.rbc.ru/rbcfreenews/66209f549a7947aefb2dbeb5,"18 апр 2024, 07:32",,"В Ивано-Франковской области на западе Украины прогремело несколько взрывов, сообщают телеканал «Суспiльне» со ссылкой на корреспондентов и «РБК Украина».",
https://www.rbc.ru/rbcfreenews/6620a2ac9a79473c7d1a4866,"18 апр 2024, 08:05",,"США занимаются дезинформацией в Совете Безопасности ООН, утверждая, что из-за вето России и Китая орган не смог призвать к защите гуманитарных работников в секторе Газа. Об этомзаявилпервый заместитель постпреда России при всемирной организации Дмитрий Полянский во время заседания.",
https://www.rbc.ru/economics/18/04/2024/661f81f19a7947c93d8ecd6f,"18 апр 2024, 07:30",,"Перегрев в российской экономике сохраняется вопреки прогнозам: спрос опережает возможности выпуска, констатируют аналитики ЦБ и опрошенные РБК эксперты. Это может быть опасно ростом инфляции и ослаблением рубля, предупреждают они",
https://www.rbc.ru/society/18/04/2024/6620b46e9a7947c56aaddd33,"18 апр 2024, 09:21",,"Коммерческие фирмы не должны участвовать в проведении экзаменов для мигрантов и выдаче сертификатов, заявили в Минобрнауки. В регионах предложили заключать контракты в первую очередь с госвузами для проведения экзаменации",
https://www.rbc.ru/politics/18/04/2024/662096ae9a7947033b2aceb4,"18 апр 2024, 08:03",,"По Джанкою нанесен удар, заявил Зеленский. Минобороны и власти Крыма не сообщали об этом, но вблизи военного аэродрома у Джанкоя перекрывали движение без объяснения причин",
https://www.rbc.ru/?video_id=6620bfcf9a794775fc60cdaa,,,,
https://www.rbc.ru/rbcfreenews/6620b6019a79472712b1c9f3,"18 апр 2024, 09:17",,"Страны G7 (США, Великобритания, Германия, Италия, Канада, Франция и Япония) сохранят замороженными российские активы, пока не добьются от Москвы выплат за урон, нанесенный Украине во время военной операции, следует из совместного заявления министров финансов и глав центробанков G7 по итогам встречи в Вашингтоне.",
https://www.rbc.ru/rbcfreenews/66209a189a7947bc7a2a364a,"18 апр 2024, 07:17",,"На севере европейской части России температура воздуха прогнозируют на 7–10 градусов ниже нормы, когда как на юге — выше на 6–8 градусов, сообщил «Интерфаксу» научный руководитель Гидрометцентра России Роман Вильфанд.",
https://www.rbc.ru/rbcfreenews/66206f719a79471cee6feb0f,"18 апр 2024, 03:55",,"Гладков уточнил, что в результате прямого попадания снаряда в частный жилой дом в поселке Разумное женщина получила ранение стопы. Ранее над Белгородской областью сбили 14 снарядов РСЗО Vampire",
https://www.rbc.ru/business/18/04/2024/661fbb439a79470589aea093,"18 апр 2024, 06:00",,AstraZeneca пожаловалась в Следственный комитет на производителя лекарств «Акрихин». Тот выпустил в оборот аналог препарата от диабета «Форсига» во время действия патента. Продажи спорного лекарства в 2023 году превысили ₽15 млрд,
https://www.rbc.ru/rbcfreenews/66205ae39a7947696ff767bf,"18 апр 2024, 05:34",,"Почти половина россиян останутся дома во время майских праздников и продолжат работу, каждый шестой из них будет работать все выходные, показал опрос «Ренессанс Страхования». В исследовании участвовали свыше полутора тысяч респондентов по всей России.",
https://www.rbc.ru/rbcfreenews/662093c69a7947545812ce82,"18 апр 2024, 06:41",,"Уровень воды в реке Тобол в Курганской области достиг 970 см по состоянию на 8:00 (6:00 мск),сообщилапресс-служба администрации региона.",
https://www.rbc.ru/rbcfreenews/66207fb09a794714f2444043,"18 апр 2024, 05:05",,"В четверг, 18 апреля, Украине с высокой вероятностью может не хватить электрогенерации из-за резкого похолодания, сообщил гендиректор компании YASNO, входящей в украинский энергохолдинг ДТЭК, Сергей Коваленко на своей странице в Facebook (принадлежит Meta — организация признана экстремистской и запрещена в России).",
https://www.rbc.ru/politics/18/04/2024/6620503b9a794746788bd45f,"18 апр 2024, 01:55",,"В нескольких регионах Украины включили сирены воздушной тревоги, в Киевской области слышны звуки взрывов, сообщает «24-й канал»",
https://www.rbc.ru/rbcfreenews/66208dd29a7947d556eb2f4b,"18 апр 2024, 06:17",,"Четверым полковникам Вооруженных сил Украины (ВСУ) предъявлены заочные обвинения в массовых убийствах по ходатайству Следственного комитета, сообщилиТАССв Хамовническом суде Москвы.",
https://www.rbc.ru/rbcfreenews/66205c829a7947255f860541,"18 апр 2024, 02:34",,"Сирену ракетной опасности запустили в Белгороде и Белгородском районе,сообщилгубернатор региона Вячеслав Гладков.",
https://www.rbc.ru/rbcfreenews/66206a5c9a794736bd1ec57f,"18 апр 2024, 03:43",,"Глава Следственного комитета Александр Бастрыкин взял на контроль доклады по уголовным делам о хирургических вмешательствах, повлекших негативные последствия для пациентов в Москве,сообщилапресс-служба СК в телеграм-канале.",
https://www.rbc.ru/politics/18/04/2024/66207de29a79473a4dc749f3,"18 апр 2024, 05:30",,"Перспектива конфискации российских активов в пользу Киева грозит нарушить международный порядок и поднимает множество вопросов, указала глава Европейского ЦБ. Москва предупреждала о незеркальном ответе в случае изъятия средств",
https://www.rbc.ru/business/18/04/2024/661ff5149a79476a2b4e6403,"18 апр 2024, 07:00",,"Предварительный бюджет будущего нацпроекта по развитию транспортной инфраструктуры оценивается в ₽10,2 трлн, выяснил РБК. Самые дорогостоящие мероприятия — это железнодорожные и автодорожные стройки",
https://www.rbc.ru/politics/18/04/2024/66201b019a7947c98773a295,"18 апр 2024, 05:38",,"Киев намеревается атаковать «важнейшие военные объекты» с помощью дронов и диверсантов, рассказал Буданов. Он также дал прогноз насчет боевых действий в этому году. В России Буданов объявлен в розыск и внесен в реестр террористов",
https://www.rbc.ru/technology_and_media/18/04/2024/661fa1809a7947cfeb81ba98,"18 апр 2024, 03:00",,"Почти 40% россиян опасаются, что на работе их заменит искусственный интеллект, больше всего таких людей работает в банках и финансах. Об этом свидетельствуют результаты опроса, проведенного по заказу ВТБ в преддверии технологической конференции Data Fusion.",
https://www.rbc.ru/rbcfreenews/6620782f9a794759433fc446,"18 апр 2024, 04:43",,"Дуров рассказал, что в Сан-Франциско трое неизвестных напали на него и попытались украсть телефон, но ему удалось сбежать. Маск согласился со словами о том, что безопасность на улицах — лишь основное требование к властям США",
https://www.rbc.ru/politics/18/04/2024/66205f249a7947696ff767c4,"18 апр 2024, 03:14",,"Американский контингент, дислоцированный в Нигере, стал заложником ситуации, возникшей после военного переворота, а Госдеп и Пентагон подвергают жизни военнослужащих угрозе, утверждает один из командующих, обратившихся в конгресс",
https://www.rbc.ru/society/18/04/2024/66206e099a7947d7edc62272,"18 апр 2024, 04:22",,"Один из богатейших немецких бизнесменов пропал шесть лет назад в Альпах, его тело не нашли. Журналисты теперь утверждают, что он живет в Москве, а его брат был в курсе произошедшего. Прокуратура начала расследование",
https://www.rbc.ru/rbcfreenews/662052449a79473038eba00a,"18 апр 2024, 02:01",,"Власти США дезинформируют международную общественность относительно военной помощи России со стороны Китая, заявил агентствуТАССпресс-секретарь китайского посольства в Вашингтоне Лю Пэнъюй.",
https://www.rbc.ru/politics/18/04/2024/6620565c9a794769a6c1155d,"18 апр 2024, 02:38",,"Белый дом был возмущен ударом Израиля, из-за которого погибли три иранских генерала, поскольку США не были предупреждены, а Тель-Авив недооценил решимость Тегерана на серьезный ответ, сообщает NYT",
https://www.rbc.ru/rbcfreenews/662062e39a794736bd1ec578,"18 апр 2024, 03:01",,"Система ПВО уничтожила три беспилотника в небе над районом Каменск-Шахтинский в Ростовской области,сообщилгубернатор Василий Голубев в своем телеграм-канале.",
https://www.rbc.ru/rbcfreenews/662087d19a794773ca3995f9,"18 апр 2024, 05:47",,"Колумбия в скором времени может вступить в БРИКС в качествеполноправного участника, заявил президент страны Петро Густаво на встрече с бразильским коллегой Лулой да Силвой.",
https://www.rbc.ru/sport/18/04/2024/661e06ce9a79475fdbf07e91,"18 апр 2024, 00:00",,Финальная серия КХЛ между «Металлургом» и «Локомотивом» начнется 18 апреля в Магнитогорске. Кто является фаворитом в борьбе за Кубок Гагарина — «РБК Спорт» собрал мнения экспертов,
https://www.rbc.ru/rbcfreenews/662036929a794789bbde5e7e,"18 апр 2024, 00:02",,"По уточненным данным, после подавления украинского беспилотника с помощью средств радиоэлектронной борьбы (РЭБ) над Воронежем пострадала женщина 1956 года рождения,сообщилгубернатор Воронежской области Александр Гусев в своем телеграм-канале.",
https://www.rbc.ru/sport/18/04/2024/66201fad9a79474deceaca2f,"18 апр 2024, 00:56",,«Реал» Мадрид выиграл «Манчестер Сити» в серии послематчевых пенальти со счетом 4:2. В полуфинале мадридский клуб сыграет с мюнхенской «Баварией»,
https://www.rbc.ru/politics/18/04/2024/662042429a7947a9b559df4f,"18 апр 2024, 01:19",,"Если Трамп снова будет президентом, он мог бы стать посредником между Москвой и Киевом, предложил спикер палаты представителей, контролируемой республиканцами. Как писала WP, Трамп намерен заставить Киев отказаться от территорий",
https://www.rbc.ru/sport/18/04/2024/662046139a7947c22bfe4e1a,"18 апр 2024, 01:23",,"Последним участником 1/2 финала Лиги чемпионов стал мадридский «Реал», победивший «Манчестер Сити»",
https://www.rbc.ru/society/17/04/2024/662033619a794734a39e9350,"17 апр 2024, 23:59",,"В Ульяновской области рядом с селом Гулюшево лопнуло колесо у автобуса, в котором ехала детская хоккейная команда, пострадали трое детей и двое взрослых",
https://www.rbc.ru/society/18/04/2024/661fd3a49a7947ddc1d523e9,"18 апр 2024, 00:00",,Рособрнадзор посчитал возможным изменения балльной системы экзаменов для мигрантов и включение в экзамен проверки устной речи. Такие изменения предложил внести в экзамен Институт русского языка имени Пушкина,
https://www.rbc.ru/rbcfreenews/662027199a7947845c58d9d0,"17 апр 2024, 23:06",,"Истребители израильских ВВС нанесли удар по инфраструктуре членов ливанской группировки «Хезболла», которую власти Израиля считают террористической,сообщилаАрмия обороны страны (ЦАХАЛ) в телеграм-канале.",
https://www.rbc.ru/rbcfreenews/662042699a7947f3f3c19c56,"18 апр 2024, 00:44",,"В Белгороде объявили опасность атаки беспилотников,сообщилапресс-служба мэрии города.",
https://www.rbc.ru/politics/17/04/2024/661fed179a7947d248309cae,"17 апр 2024, 23:00",,"Франция отозвала своего посла в Азербайджане, Баку обвинил Париж в деструктивной деятельности и разговоре «на языке угроз и давления». Чем вызвано ухудшение отношений между двумя странами — в материале РБК",
https://www.rbc.ru/rbcfreenews/66204d289a7947cca87db774,"18 апр 2024, 01:40",,"Жители Оренбургской области, построившие «несанкционированную» дамбу, пригласили геодезистов, чтобы остановить паводок, сообщил РБК житель ЖК «Перовский» Александр Ильин.",
https://www.rbc.ru/politics/17/04/2024/661fd9f39a79470998279764,"17 апр 2024, 23:43",,"В 2023 году в России выросло число приговоров за терроризм, госизмену, дискредитацию военных и фейки об армии. Снизилось число приговоров за неуплату алиментов и участие в беспорядках, следует из статистики Верховного суда",
https://www.rbc.ru/rbcfreenews/66203e7b9a794730b4bd4352,"18 апр 2024, 00:40",,"Сенат конгресса СШАзаблокировал две статьиоб импичменте министру внутренней безопасности Алехандро Майоркасу, которые касались «умышленного и систематического отказа соблюдать закон» и «злоупотребления общественным доверием», сообщает CNN.",
https://www.rbc.ru/finances/18/04/2024/661fad959a79471f5dd1ccda,"18 апр 2024, 00:00",,"Длинные ОФЗ стали непривлекательными для инвесторов в первом квартале 2024 года, отмечают в «Эксперт РА». Но в будущем, при замедлении инфляции и смягчении политики ЦБ, спрос на госбумаги может резко вырасти, допускают эксперты",
https://www.rbc.ru/politics/17/04/2024/66202fc29a7947c4e8b51b36,"17 апр 2024, 23:23",,В Белгородской области объявили сирену ракетной опасности перед работой систем ПВО. Снаряды РСЗО Vampire сбили на подлете к Белгороду,
https://www.rbc.ru/rbcfreenews/66202dad9a7947028284204a,"17 апр 2024, 23:25",,,
https://www.rbc.ru/society/18/04/2024/662033749a79470880a012b6,"18 апр 2024, 00:38",,"Клиенты Uber также оставили в машинах плакат Хиллари Клинтон, копченую свиную грудку и чемпионский пояс WWE. Самыми забываемыми вещами оказались телефоны, одежда и кошельки",
https://www.rbc.ru/society/18/04/2024/66202ba29a7947371bea32c5,"18 апр 2024, 00:55",,"Военнослужащий из зоны военной операции и священник в 1990-х возглавляли ОПГ и боролись за лидерство в криминальном мире путем убийств и похищений людей, некоторых жертв не могут найти до сих пор, следует из материалов дела",
https://www.rbc.ru/rbcfreenews/66202a8e9a7947845c58d9d2,"17 апр 2024, 23:08",,"Сирену ракетной опасности запустили в Белгороде и Белгородском районе,сообщилгубернатор региона Вячеслав Гладков в телеграм-канале.",
https://www.rbc.ru/politics/17/04/2024/662022c09a7947c02eaa2403,"17 апр 2024, 23:15",,"В Тбилиси третий день подряд проходят протесты против законопроекта об иноагентах. Правящая партия обещает принять его, президент предупредила, что наложит вето. Участники митинга двинулись шествием к зданию правительства",
